mapid	code_link	sm_link	web_link
_ansgar_2021_01	https://github.com/bydata/30DayMapChallenge-2021/blob/main/R/day01-points.R	https://twitter.com/_ansgar/status/1455091416917544961	_
_ansgar_2021_02	https://github.com/bydata/30DayMapChallenge-2021/blob/main/R/day02-lines.R	https://twitter.com/_ansgar/status/1455629597907824650	_
_ansgar_2021_03	https://github.com/bydata/30DayMapChallenge-2021/blob/main/R/day03-polygons-football-clubs.R	https://twitter.com/_ansgar/status/1456000124228882441	_
_ansgar_2021_04	https://github.com/bydata/30DayMapChallenge-2021/blob/main/R/day04_hexagons.R	https://twitter.com/_ansgar/status/1456386508517150722	_
_ansgar_2021_05	https://github.com/bydata/30DayMapChallenge-2021/blob/main/R/day05-data_osm-bike-lanes.R	https://twitter.com/_ansgar/status/1456746228763566081	_
_ansgar_2021_06	https://github.com/bydata/30DayMapChallenge-2021/blob/main/R/day06-red.R	https://twitter.com/_ansgar/status/1457036042196893699	_
_ansgar_2021_07	https://github.com/bydata/30DayMapChallenge-2021/blob/main/R/day07-green.R	https://twitter.com/_ansgar/status/1457278546553065474	_
_ansgar_2021_08	https://github.com/bydata/30DayMapChallenge-2021/blob/main/R/day08-blue-housing.R	https://twitter.com/_ansgar/status/1457799587658276864	_
_ansgar_2021_09_1	https://github.com/bydata/30DayMapChallenge-2021/blob/main/R/day09-monochrome-streets.R	https://twitter.com/_ansgar/status/1457853009971589123	_
_ansgar_2021_09_2	https://github.com/bydata/30DayMapChallenge-2021/blob/main/R/day09-monochrome-buildings.R	https://twitter.com/_ansgar/status/1458162957662236678	_
_ansgar_2021_11	https://github.com/bydata/30DayMapChallenge-2021/blob/main/R/day11-3d.R	https://twitter.com/_ansgar/status/1458936081202786310	https://raw.githubusercontent.com/bydata/30DayMapChallenge-2021/main/plots/day11-3d-turnout.mp4
_ansgar_2021_12	https://github.com/bydata/30DayMapChallenge-2021/blob/main/R/day12-population.R	https://twitter.com/_ansgar/status/1459245270466707458	https://github.com/bydata/30DayMapChallenge-2021/blob/main/plots/day12-population-animated.gif
_ansgar_2021_13	https://github.com/bydata/30DayMapChallenge-2021/blob/main/R/day13-naturalearth.R	https://twitter.com/_ansgar/status/1459639073350504450	_
_ansgar_2021_16_1	https://github.com/bydata/30DayMapChallenge-2021/blob/main/R/day16-urban-rural-de-us.R	https://twitter.com/_ansgar/status/1460739990858698758	_
_ansgar_2021_16_2	https://github.com/bydata/30DayMapChallenge-2021/blob/main/R/day16-urban-rural-trees.R	https://twitter.com/_ansgar/status/1460537368574889985	_
aghaynes_2021_01	https://github.com/aghaynes/tidytuesdays/blob/main/30daymapchallenge/01_point/readme.Rmd	https://twitter.com/aghaynes/status/1455275503020085250	_
aghaynes_2021_02	https://github.com/aghaynes/tidytuesdays/blob/main/30daymapchallenge/02_line/readme.Rmd	https://twitter.com/aghaynes/status/1455643441413689353	_
aghaynes_2021_03	https://github.com/aghaynes/tidytuesdays/blob/main/30daymapchallenge/03_polygon/03_polygon.R	https://twitter.com/aghaynes/status/1456022517081120774	_
aghaynes_2021_04	https://github.com/aghaynes/tidytuesdays/blob/main/30daymapchallenge/04_hex/USpostofficesmap_hex.R	https://twitter.com/aghaynes/status/1456266779026620428	_
Amit_Levinson_2020_01	https://github.com/AmitLevinson/30daymapchallenge/blob/main/2020/Code/01_points/01_points.R	https://twitter.com/Amit_Levinson/status/1322923021120737281	_
Amit_Levinson_2020_02	https://github.com/AmitLevinson/30daymapchallenge/blob/main/2020/Code/02_lines/02_lines.R	https://twitter.com/Amit_Levinson/status/1323263691723333632	_
Amit_Levinson_2020_03	https://github.com/AmitLevinson/30daymapchallenge/blob/main/2020/Code/03_Polygons/03_polygons.R	https://twitter.com/Amit_Levinson/status/1323734300001509377	_
Amit_Levinson_2020_07	https://github.com/AmitLevinson/30daymapchallenge/blob/main/2020/Code/07_green/07_green.R	https://twitter.com/Amit_Levinson/status/1325124153582772225	_
Amit_Levinson_2020_08	https://github.com/AmitLevinson/30daymapchallenge/blob/main/2020/Code/08_yellow/08_yellow.R	https://twitter.com/Amit_Levinson/status/1325494620025991168	_
Amit_Levinson_2020_20	https://github.com/AmitLevinson/30daymapchallenge/blob/main/2020/Code/20_population/population.R	https://twitter.com/Amit_Levinson/status/1329797082828386305	https://github.com/AmitLevinson/30daymapchallenge/blob/main/2020/Code/20_population/20_map.gif
Amit_Levinson_2021_01	https://github.com/AmitLevinson/30daymapchallenge/blob/main/2021/01_points/01_points.R	https://twitter.com/Amit_Levinson/status/1455246267668439040	_
Amit_Levinson_2021_02	https://github.com/AmitLevinson/30daymapchallenge/blob/main/2021/02_lines/lines.R	https://twitter.com/Amit_Levinson/status/1455403482731753473	_
Amit_Levinson_2021_03	https://github.com/AmitLevinson/30daymapchallenge/blob/main/2021/03_polygons/trains.R	https://twitter.com/Amit_Levinson/status/1455766113367871491	_
Amit_Levinson_2021_04	https://github.com/AmitLevinson/30daymapchallenge/blob/main/2021/04_hexagons/busstops.R	https://twitter.com/Amit_Levinson/status/1456338894056722436	_
Amit_Levinson_2021_05	https://github.com/AmitLevinson/30daymapchallenge/blob/main/2021/05_osm/streets.R	https://twitter.com/Amit_Levinson/status/1456699807079280642	_
Amit_Levinson_2021_07	https://github.com/AmitLevinson/30daymapchallenge/blob/main/2021/07_green/bikelanes.R	https://twitter.com/Amit_Levinson/status/1457426809184735236	_
Amit_Levinson_2021_08	https://github.com/AmitLevinson/30daymapchallenge/blob/main/2021/08_blue/wave.R	https://twitter.com/Amit_Levinson/status/1457800886852329473	_
Amit_Levinson_2021_09	https://github.com/AmitLevinson/30daymapchallenge/blob/main/2021/09_monochrome/monochrome.R	https://twitter.com/Amit_Levinson/status/1457940340149739520	_
Amit_Levinson_2021_10	https://github.com/AmitLevinson/30daymapchallenge/blob/main/2021/10_raster/walking.R	https://twitter.com/Amit_Levinson/status/1458303071319121921	https://amitlevinson.github.io/30daymapchallenge/2021/10_raster/walk_from_dizengof.html
Amit_Levinson_2021_11	https://github.com/AmitLevinson/30daymapchallenge/blob/main/2021/11_3d/3d.R	https://twitter.com/Amit_Levinson/status/1458910831983398913	_
Amit_Levinson_2021_13	https://github.com/AmitLevinson/30daymapchallenge/blob/main/2021/13_natural-earth/visited.R	https://twitter.com/Amit_Levinson/status/1459555420964597768	_
BCalhoon7_2021_11	https://github.com/DABrianC/Chesapeake-Bay-Fly-Over	https://twitter.com/BCalhoon7/status/1458866356191961092	_
BlakeRobMills_2021_01	https://github.com/BlakeRMills/30DayMapChallenge/blob/main/Day%201%20(Points)/Day%201%20(Points).R	https://twitter.com/BlakeRobMills/status/1455383350613626883	_
BlakeRobMills_2021_02	https://github.com/BlakeRMills/30DayMapChallenge/blob/main/Day%202%20(Lines)/Day%202%20(Lines).R	https://twitter.com/BlakeRobMills/status/1455691876091170820	_
BlakeRobMills_2021_03	https://github.com/BlakeRMills/30DayMapChallenge/blob/main/Day%203%20(Polygon)/Day%203%20(Polygons).R	https://twitter.com/BlakeRobMills/status/1456108247568560129	_
BlakeRobMills_2021_04	https://github.com/BlakeRMills/30DayMapChallenge/blob/main/Day%204%20(Hexagons)/Day%204%20(Hex).R	https://twitter.com/BlakeRobMills/status/1456439375223472128	_
BlakeRobMills_2021_05	https://github.com/BlakeRMills/30DayMapChallenge/blob/main/Day%205%20(Open%20Street%20Maps)/Day%205%20(OpenStreetMap).R	https://twitter.com/BlakeRobMills/status/1456999383657066502	_
BlakeRobMills_2021_06	https://github.com/BlakeRMills/30DayMapChallenge/blob/main/Day%206%20(Red)/Day%206%20(Red).R	https://twitter.com/BlakeRobMills/status/1457451943773810700	_
BlakeRobMills_2021_07	https://github.com/BlakeRMills/30DayMapChallenge/blob/main/Day%207%20(Green)/Day%207%20(Green).R	https://twitter.com/BlakeRobMills/status/1457802230615068679	_
BlakeRobMills_2021_09	https://github.com/BlakeRMills/30DayMapChallenge/blob/main/Day%209%20(Monochrome)/Day%209%20(Monochrome).R	https://twitter.com/BlakeRobMills/status/1458415001098665985	_
BlakeRobMills_2021_12	https://github.com/BlakeRMills/30DayMapChallenge/blob/main/Day%2012%20(Population)/Day%2012%20(Population).R	https://twitter.com/BlakeRobMills/status/1459352762773389314	_
BlakeRobMills_2021_13	https://github.com/BlakeRMills/30DayMapChallenge/blob/main/Day%2013%20(Natural%20Earth)/Day%2013%20(Natural%20Earth).R	https://twitter.com/BlakeRobMills/status/1459640169305419776	_
CedScherer_2019_01	https://github.com/z3tt/30DayMapChallenge/blob/master/contributions/Day01_Points/1_Points.Rmd	https://twitter.com/CedScherer/status/1190284257324916736	_
CedScherer_2019_03	https://github.com/z3tt/30DayMapChallenge/blob/master/contributions/Day03_Polygons/3_Polygons.Rmd	https://twitter.com/CedScherer/status/1191118604403646470	_
CedScherer_2019_04	https://github.com/z3tt/30DayMapChallenge/blob/master/contributions/Day04_Hexagons/4_Hexagons.Rmd	https://twitter.com/CedScherer/status/1191414799214817280	_
CedScherer_2019_05	https://github.com/z3tt/30DayMapChallenge/blob/master/contributions/Day05_Raster/5_Raster.Rmd	https://twitter.com/CedScherer/status/1191845427831853056	_
CedScherer_2019_06	https://github.com/z3tt/30DayMapChallenge/blob/master/contributions/Day06_Blue/6_Blue.Rmd	https://twitter.com/CedScherer/status/1192171738659983361	_
CedScherer_2019_07	https://github.com/z3tt/30DayMapChallenge/blob/master/contributions/Day07_Red/7_Red.Rmd	https://twitter.com/CedScherer/status/1193229896513998850	_
CedScherer_2019_08	https://github.com/z3tt/30DayMapChallenge/blob/master/contributions/Day08_Green/8_Green.Rmd	https://twitter.com/CedScherer/status/1193229896513998850	_
CedScherer_2019_09	https://github.com/z3tt/30DayMapChallenge/blob/master/contributions/Day09_Yellow/9_Yellow.Rmd	https://twitter.com/CedScherer/status/1193229896513998850	_
CedScherer_2019_10_1	https://github.com/z3tt/30DayMapChallenge/blob/master/contributions/Day10_BlackWhite/10_BlackWhite.Rmd	https://twitter.com/CedScherer/status/1193623659027615744	_
CedScherer_2019_10_2	https://github.com/z3tt/30DayMapChallenge/blob/master/contributions/Day10_BlackWhite/10_BlackWhite.Rmd	https://twitter.com/CedScherer/status/1193623659027615744	_
CedScherer_2019_11	https://github.com/z3tt/30DayMapChallenge/blob/master/contributions/Day11_Elevation/11_Elevation.Rmd	https://twitter.com/CedScherer/status/1193954708920131585	_
CedScherer_2019_12	https://github.com/z3tt/30DayMapChallenge/blob/master/contributions/Day12_Movement/12_Movement.Rmd	https://twitter.com/CedScherer/status/1194325214156460032	_
CedScherer_2019_13	https://github.com/z3tt/30DayMapChallenge/blob/master/contributions/Day13_Tracks/13_Tracks.Rmd	https://twitter.com/CedScherer/status/1194749281783164928	_
CedScherer_2019_14	https://github.com/z3tt/30DayMapChallenge/blob/master/contributions/Day14_Boundaries/14_Boundaries.Rmd	https://twitter.com/CedScherer/status/1195051589570052097	_
CedScherer_2019_15	https://github.com/z3tt/30DayMapChallenge/blob/master/contributions/Day15_Names/15_Names.Rmd	https://twitter.com/CedScherer/status/1195420409434382336	https://raw.githubusercontent.com/z3tt/30DayMapChallenge/master/contributions/Day15_Names/Names_BerlinRoads_HQ.png
CedScherer_2019_16	https://github.com/z3tt/30DayMapChallenge/blob/master/contributions/Day16_Places/16_Places.Rmd	https://twitter.com/CedScherer/status/1196072956310503429	_
CedScherer_2019_17_1	https://github.com/z3tt/30DayMapChallenge/blob/master/contributions/Day17_Zones/17_Zones.Rmd	https://twitter.com/CedScherer/status/1196131149074063361	_
CedScherer_2019_17_2	https://github.com/z3tt/30DayMapChallenge/blob/master/contributions/Day17_Zones/17_Zones.Rmd	https://twitter.com/CedScherer/status/1196137898711638016	_
CedScherer_2019_18	https://github.com/z3tt/30DayMapChallenge/blob/master/contributions/Day18_Globe/18_Globe.Rmd	https://twitter.com/CedScherer/status/1196516390896914432	_
CedScherer_2019_19_1	https://github.com/z3tt/30DayMapChallenge/blob/master/contributions/Day19_Urban/19_Urban.Rmd	https://twitter.com/CedScherer/status/1196870225171537921	_
CedScherer_2019_19_2	https://github.com/z3tt/30DayMapChallenge/blob/master/contributions/Day19_Urban/19_Urban.Rmd	https://twitter.com/CedScherer/status/1196900557203607559	_
CedScherer_2019_20	https://github.com/z3tt/30DayMapChallenge/blob/master/contributions/Day20_Rural/20_Rural.Rmd	https://twitter.com/CedScherer/status/1197281624657977344	_
CedScherer_2019_21	https://github.com/z3tt/30DayMapChallenge/blob/master/contributions/Day21_Environment/21_Environment.Rmd	https://twitter.com/CedScherer/status/1212820692888178688	_
CedScherer_2019_22	https://github.com/z3tt/30DayMapChallenge/blob/master/contributions/Day22_BuiltEnvironment/22_BuiltEnvironment.Rmd	https://twitter.com/CedScherer/status/1198680636812341249	_
CedScherer_2019_23	https://github.com/z3tt/30DayMapChallenge/blob/master/contributions/Day23_Population/23_Population.Rmd	https://twitter.com/CedScherer/status/1198357926987096066	_
CedScherer_2019_24	https://github.com/z3tt/30DayMapChallenge/blob/master/contributions/Day24_Statistics/24_Statistics.Rmd	https://twitter.com/CedScherer/status/1198617063054553088	_
CedScherer_2019_25	https://github.com/z3tt/30DayMapChallenge/blob/master/contributions/Day25_Climate/25_Climate.Rmd	https://twitter.com/CedScherer/status/1199256431947636737	_
CedScherer_2019_26	https://github.com/z3tt/30DayMapChallenge/blob/master/contributions/Day26_Hydrology/26_Hydrology.Rmd	https://twitter.com/CedScherer/status/1201105673477476353	_
CedScherer_2019_27	https://github.com/z3tt/30DayMapChallenge/blob/master/contributions/Day27_Resources/27_Resources.Rmd	https://twitter.com/CedScherer/status/1199775322473930754	_
CedScherer_2019_29	https://github.com/z3tt/30DayMapChallenge/blob/master/contributions/Day29_Experimental/29_Experimental.Rmd	https://twitter.com/CedScherer/status/1201450655099113472	_
ckauebraga_2021_01	https://github.com/kauebraga/misc/blob/master/30daymapchallenge/2-20211111_bike_sharing.R	https://twitter.com/ckauebraga/status/1458896292114051076	_
ckauebraga_2021_02	https://github.com/kauebraga/misc/blob/master/30daymapchallenge/1-20211110_transit_networks.R	https://twitter.com/ckauebraga/status/1458593981508509705	_
CoulSim_2021_02	https://github.com/SimonCoulombe/30DaysMapChallenge/blob/main/2021_02_lines/20211102_historical_railroads.R	https://twitter.com/CoulSim/status/1455721232893194244	_
CoulSim_2021_03	https://github.com/SimonCoulombe/30DaysMapChallenge/blob/main/2021_03_polygons/domanialite_qc.R	https://twitter.com/CoulSim/status/1456091143402397699	_
Cramsuig_2021_07	https://github.com/cramsuig/30DayMapChallenge/blob/main/2021/code/2021-11-07.R	https://twitter.com/Cramsuig/status/1457521227367690246	_
Cramsuig_2021_08	https://github.com/cramsuig/30DayMapChallenge/blob/main/2021/code/2021-11-08.R	https://twitter.com/Cramsuig/status/1457884053391257600	_
Cramsuig_2021_09	https://github.com/cramsuig/30DayMapChallenge/blob/main/2021/code/2021-11-09.R	https://twitter.com/Cramsuig/status/1458265105603379201	https://raw.githubusercontent.com/cramsuig/30DayMapChallenge/main/2021/img/2021-11-09.gif
Cramsuig_2021_10	https://github.com/cramsuig/30DayMapChallenge/blob/main/2021/code/2021-11-11.R	https://twitter.com/Cramsuig/status/1458972872161046529	_
Cramsuig_2021_11	https://github.com/cramsuig/30DayMapChallenge/blob/main/2021/code/2021-11-11.R	https://twitter.com/Cramsuig/status/1458975695158366216	_
dakvid_2019_14	https://github.com/dakvid/map30days/blob/master/docs/14_boundaries_carterton.R	https://twitter.com/dakvid/status/1195549657889308672	https://david.frigge.nz/map30days/#14_boundaries
dakvid_2019_18	https://github.com/dakvid/map30days/blob/master/docs/18_globe_antarctica.R	https://twitter.com/dakvid/status/1196372409852387328	https://david.frigge.nz/map30days/#18_globe
dakvid_2020_04	https://github.com/dakvid/election2020/blob/main/hexmaps.Rmd	https://twitter.com/dakvid/status/1325153487680794631	https://david.frigge.nz/election2020/hexmaps.html
dakvid_2020_05	https://gist.github.com/dakvid/1d1b59ba3dcec59c6370b78c4e4edb72	https://twitter.com/dakvid/status/1335149534092034051	_
dakvid_2020_06	https://gist.github.com/dakvid/1d1b59ba3dcec59c6370b78c4e4edb72	https://twitter.com/dakvid/status/1335149540488355840	_
dakvid_2020_07	https://gist.github.com/dakvid/1d1b59ba3dcec59c6370b78c4e4edb72	https://twitter.com/dakvid/status/1335149546972663808	_
dakvid_2020_08	https://gist.github.com/dakvid/1d1b59ba3dcec59c6370b78c4e4edb72	https://twitter.com/dakvid/status/1335149552945401858	_
dakvid_2020_09	https://gist.github.com/dakvid/1d1b59ba3dcec59c6370b78c4e4edb72	https://twitter.com/dakvid/status/1335149558955790338	_
dakvid_2020_15	https://gist.github.com/dakvid/982a017f46556806e33fd3b520877ce2	https://twitter.com/dakvid/status/1335318704393875456	_
dakvid_2021_03	https://gist.github.com/dakvid/f10a75cf490d065f9f8ed4dab5e26cde	https://twitter.com/dakvid/status/1457043311953276931	_
dakvid_2021_06	https://gist.github.com/dakvid/a6ef2412ada0de051dac7b6fbe089d94	https://twitter.com/dakvid/status/1459363971459285000	_
dakvid_2021_08	https://gist.github.com/dakvid/23b3111ddb37da97d7ce5b1135d630dd	https://twitter.com/dakvid/status/1459375929084444675	_
dakvid_2021_10	https://gist.github.com/dakvid/a10005a13cfcab690f14d44064f00c65	https://twitter.com/dakvid/status/1460544441551261696	_
dakvid_2021_11	https://gist.github.com/dakvid/b1f4b3854f4c1f2fa5668c178b729ce2	https://twitter.com/dakvid/status/1461132501670195205	_
dakvid2021_02	https://gist.github.com/dakvid/3ac800dd8925e91da261d4a3f7aecc66	https://twitter.com/dakvid/status/1455485096652251137	_
darwinanddavis_2020_01	https://github.com/darwinanddavis/worldmaps/blob/gh-pages/docs/30daymap2020/day1.R	https://twitter.com/darwinanddavis/status/1323216612615286785	https://darwinanddavis.github.io/worldmaps/30daymap2020/day1
darwinanddavis_2020_04	https://github.com/darwinanddavis/worldmaps/blob/gh-pages/docs/30daymap2020/day4.R	https://twitter.com/darwinanddavis/status/1324309703984259072	https://darwinanddavis.github.io/worldmaps/30daymap2020/day4
darwinanddavis_2020_06	https://github.com/darwinanddavis/worldmaps/blob/gh-pages/docs/30daymap2020/day6.R	https://twitter.com/darwinanddavis/status/1324710403222331393	https://darwinanddavis.github.io/worldmaps/30daymap2020/day6
darwinanddavis_2020_08	https://github.com/darwinanddavis/worldmaps/blob/gh-pages/docs/30daymap2020/day8.R	https://twitter.com/darwinanddavis/status/1325398614366056448	https://darwinanddavis.github.io/worldmaps/30daymap2020/day8
darwinanddavis_2020_09	https://github.com/darwinanddavis/worldmaps/blob/gh-pages/docs/30daymap2020/day9.R	https://twitter.com/darwinanddavis/status/1325814490345058304	_
darwinanddavis_2020_10	https://github.com/darwinanddavis/worldmaps/blob/gh-pages/docs/30daymap2020/day10.R	https://twitter.com/darwinanddavis/status/1326479238434709504	_
darwinanddavis_2020_11	https://github.com/darwinanddavis/worldmaps/blob/gh-pages/docs/30daymap2020/day11.R	https://twitter.com/darwinanddavis/status/1326785178606374912	https://darwinanddavis.github.io/worldmaps/30daymap2020/day11
darwinanddavis_2020_14	https://github.com/darwinanddavis/worldmaps/blob/gh-pages/docs/30daymap2020/day14.R	https://twitter.com/darwinanddavis/status/1328325435755696130	_
darwinanddavis_2020_16	https://github.com/darwinanddavis/worldmaps/blob/gh-pages/docs/30daymap2020/day16.R	https://twitter.com/darwinanddavis/status/1328986126711803904	_
darwinanddavis_2020_20	https://github.com/darwinanddavis/worldmaps/blob/gh-pages/docs/30daymap2020/day20.R	https://twitter.com/darwinanddavis/status/1330271869161836548	_
darwinanddavis_2020_23	https://github.com/darwinanddavis/worldmaps/blob/gh-pages/docs/30daymap2020/day23.R	https://twitter.com/darwinanddavis/status/1331628781488881664	https://darwinanddavis.github.io/worldmaps/30daymap2020/day23
darwinanddavis_2020_25	https://github.com/darwinanddavis/worldmaps/blob/gh-pages/docs/30daymap2020/day25.R	https://twitter.com/darwinanddavis/status/1331886065334927360	https://darwinanddavis.github.io/worldmaps/coronavirus.html
darwinanddavis_2020_30	https://github.com/darwinanddavis/worldmaps/blob/gh-pages/docs/30daymap2020/day30.R	https://twitter.com/darwinanddavis/status/1333329257972391937	https://darwinanddavis.shinyapps.io/airbnb/
darwinanddavis_2021_01	https://github.com/darwinanddavis/worldmaps/blob/gh-pages/docs/30daymap2021/day1.R	https://twitter.com/darwinanddavis/status/1455425373475246082	_
darwinanddavis_2021_07	https://github.com/darwinanddavis/worldmaps/blob/gh-pages/docs/30daymap2021/day7.R	https://twitter.com/darwinanddavis/status/1457480084965625856	_
darwinanddavis_2021_11	https://github.com/darwinanddavis/worldmaps/blob/gh-pages/docs/30daymap2021/day11.R	https://twitter.com/darwinanddavis/status/1459427746874937347	_
dr_xeo_2021_05	https://dominicroye.github.io/en/2021/firefly-cartography/	https://twitter.com/dr_xeo/status/1456588631016157189	_
FGazzelloni_2021_01	https://github.com/Fgazzelloni/30DayMapChallenge/blob/master/day1_points/day1_points.Rmd	https://twitter.com/FGazzelloni/status/1455697736167215107	_
FGazzelloni_2021_02	https://github.com/Fgazzelloni/30DayMapChallenge/blob/master/day2_lines/day2_lines.Rmd	https://twitter.com/FGazzelloni/status/1456020961246040064	_
FGazzelloni_2021_03	https://github.com/Fgazzelloni/30DayMapChallenge/blob/master/day3_polygons/day3_polygons.Rmd	https://twitter.com/FGazzelloni/status/1456336038419484678	_
FGazzelloni_2021_04	https://github.com/Fgazzelloni/30DayMapChallenge/blob/master/day4_hexagons/day4_hexagons.Rmd	https://twitter.com/FGazzelloni/status/1456403175796264960	_
FGazzelloni_2021_05	https://github.com/Fgazzelloni/30DayMapChallenge/blob/master/day5_osm/day5_Data_challenge1_osm.Rmd	https://twitter.com/FGazzelloni/status/1457131221767671814	_
FGazzelloni_2021_06	https://github.com/Fgazzelloni/30DayMapChallenge/blob/master/day6_red/day6_red.Rmd	https://twitter.com/FGazzelloni/status/1457570273759203330	https://raw.githubusercontent.com/Fgazzelloni/30DayMapChallenge/master/day6_red/drought_red.gif
FGazzelloni_2021_07	https://github.com/Fgazzelloni/30DayMapChallenge/blob/master/day7_green/day_7_green.Rmd	https://twitter.com/FGazzelloni/status/1457578091879059456	_
FGazzelloni_2021_08	https://github.com/Fgazzelloni/30DayMapChallenge/blob/master/day8_blue/day8_blue.Rmd	https://twitter.com/FGazzelloni/status/1458112797632434180	_
FGazzelloni_2021_09	https://github.com/Fgazzelloni/30DayMapChallenge/blob/master/day9_monochrome/day9-monochrome.Rmd	https://twitter.com/FGazzelloni/status/1458205513854902272	_
FGazzelloni_2021_10	https://github.com/Fgazzelloni/30DayMapChallenge/blob/master/day10_raster/day10_raster.Rmd	https://twitter.com/FGazzelloni/status/1458920004624257026	_
FGazzelloni_2021_11	https://github.com/Fgazzelloni/30DayMapChallenge/blob/master/day11_3D/day11-3D.R	https://twitter.com/FGazzelloni/status/1458931210424573958	_
FGazzelloni_2021_12	https://github.com/Fgazzelloni/30DayMapChallenge/blob/master/day12_population/day12-population.Rmd	https://twitter.com/FGazzelloni/status/1459296246586355716	_
FGazzelloni_2021_13	https://github.com/Fgazzelloni/30DayMapChallenge/blob/master/day13_naturalearth/day13_naturalearth.Rmd	https://twitter.com/FGazzelloni/status/1459852555576647683	_
geodatascience_2020_04	https://github.com/patrickballantyne/30DayMapChallenge/blob/main/Patterns_Hexmap.R	https://twitter.com/geodatascience/status/1323958241202765824	https://raw.githubusercontent.com/patrickballantyne/30DayMapChallenge/main/retailpatterns_hexmap.gif
geodatascience_2021_11	https://github.com/patrickballantyne/30DayMapChallenge/blob/main/2021%20-%20Starbucks%203D.R	https://twitter.com/geodatascience/status/1458766464853458952	_
geokaramanis_2021_01	https://github.com/gkaramanis/30DayMapChallenge/blob/main/2021/01-points/01-points-heating.R	https://twitter.com/geokaramanis/status/1455237859494010885	_
geokaramanis_2021_02	https://github.com/gkaramanis/30DayMapChallenge/blob/main/2021/02-lines/02-lines-ferries.R	https://twitter.com/geokaramanis/status/1455563097775747073	_
geokaramanis_2021_03	https://github.com/gkaramanis/30DayMapChallenge/blob/main/2021/03-polygons/03-polygons-wildlife.R	https://twitter.com/geokaramanis/status/1455902822906613762	_
geokaramanis_2021_04	https://github.com/gkaramanis/30DayMapChallenge/blob/main/2021/04-hexagons/04-hexagons-saint.R	https://twitter.com/geokaramanis/status/1456227959703052288	_
geokaramanis_2021_05	https://github.com/gkaramanis/30DayMapChallenge/blob/main/2021/05-osm/05-osm-speed.R	https://twitter.com/geokaramanis/status/1456628624329687046	_
geokaramanis_2021_06	https://github.com/gkaramanis/30DayMapChallenge/blob/main/2021/06-red/06-red-temp.R	https://twitter.com/geokaramanis/status/1456879535908065280	_
geokaramanis_2021_07	https://github.com/gkaramanis/30DayMapChallenge/blob/main/2021/07-green/07-green-vegetation.R	https://twitter.com/geokaramanis/status/1457363254947237903	_
geokaramanis_2021_08	https://github.com/gkaramanis/30DayMapChallenge/blob/main/2021/08-blue/08-blue-bathy.R	https://twitter.com/geokaramanis/status/1457641664995020803	_
gisertweets_2021_05	https://twitter.com/gisertweets/status/1456570355108167682	https://twitter.com/gisertweets/status/1456570355108167682	_
hrbrmstr_2019_01	https://rud.is/books/30-day-map-challenge/points-01.html	https://twitter.com/hrbrmstr/status/1190235455025025024	_
hrbrmstr_2019_02	https://rud.is/books/30-day-map-challenge/lines-01.html	https://twitter.com/hrbrmstr/status/1190603503556796417	_
hrbrmstr_2019_03	https://rud.is/books/30-day-map-challenge/polygons-01.html	https://twitter.com/hrbrmstr/status/1191002769420886019	_
hrbrmstr_2019_04	https://rud.is/books/30-day-map-challenge/hex-01.html	https://twitter.com/hrbrmstr/status/1191345070508773376	_
hrbrmstr_2019_05	https://rud.is/books/30-day-map-challenge/raster-01.html	https://twitter.com/hrbrmstr/status/1191713131627761674	_
hrbrmstr_2019_06	https://rud.is/books/30-day-map-challenge/blue-01.html	https://twitter.com/hrbrmstr/status/1192259907011141633	_
hrbrmstr_2019_08	https://rud.is/books/30-day-map-challenge/green-01.html	https://twitter.com/hrbrmstr/status/1193182507358928896	_
hrbrmstr_2019_09	https://rud.is/books/30-day-map-challenge/yellow-01.html	https://twitter.com/hrbrmstr/status/1193276215605579776	_
hrbrmstr_2019_10	https://rud.is/books/30-day-map-challenge/bw-01.html	https://twitter.com/hrbrmstr/status/1193468256314634240	_
hrbrmstr_2019_11	https://rud.is/books/30-day-map-challenge/elevation-01.html	https://twitter.com/hrbrmstr/status/1193645754923008000	_
hrbrmstr_2019_12	https://rud.is/books/30-day-map-challenge/movement-01.html	https://twitter.com/hrbrmstr/status/1193902417844289536	_
hrbrmstr_2019_13	https://rud.is/books/30-day-map-challenge/borders-01.html	https://twitter.com/hrbrmstr/status/1194599486556983296	_
hrbrmstr_2019_14	https://rud.is/books/30-day-map-challenge/tracks-01.html	https://twitter.com/hrbrmstr/status/1195326882532728832	_
hrbrmstr_2019_15	https://rud.is/books/30-day-map-challenge/names-01.html	https://twitter.com/hrbrmstr/status/1195765008942206977	_
hrbrmstr_2019_16	https://rud.is/books/30-day-map-challenge/places-01.html	https://twitter.com/hrbrmstr/status/1196098184227016710	_
hrbrmstr_2019_17	https://rud.is/books/30-day-map-challenge/zones-01.html	https://twitter.com/hrbrmstr/status/1196118978793480192	_
hrbrmstr_2019_18	https://rud.is/books/30-day-map-challenge/globe-01.html	https://twitter.com/hrbrmstr/status/1196384762480463872	_
hrbrmstr_2019_19	https://rud.is/books/30-day-map-challenge/urban-01.html	https://twitter.com/hrbrmstr/status/1196870429501218817	_
hrbrmstr_2019_20_1	https://rud.is/books/30-day-map-challenge/rural-01.html	https://twitter.com/hrbrmstr/status/1197100025039470592	_
hrbrmstr_2019_20_2	https://rud.is/books/30-day-map-challenge/rural-01.html	https://twitter.com/hrbrmstr/status/1197100025039470592	_
hrbrmstr_2019_20_3	https://rud.is/books/30-day-map-challenge/rural-01.html	https://twitter.com/hrbrmstr/status/1197100025039470592	_
hrbrmstr_2019_21	https://rud.is/books/30-day-map-challenge/environment-01.html	https://twitter.com/hrbrmstr/status/1197485428221382656	_
hrbrmstr_2019_22	https://rud.is/books/30-day-map-challenge/built-environment-01.html	https://twitter.com/hrbrmstr/status/1197807408392916993	_
hrbrmstr_2019_23	https://rud.is/books/30-day-map-challenge/population-01.html	https://twitter.com/hrbrmstr/status/1198228171176521728	_
hrbrmstr_2019_24	https://rud.is/books/30-day-map-challenge/statistics-01.html	https://twitter.com/hrbrmstr/status/1198650917396062210	_
hrbrmstr_2019_25	https://rud.is/books/30-day-map-challenge/climate-01.html	https://twitter.com/hrbrmstr/status/1198952512738476033	_
hrbrmstr_2019_26	https://rud.is/books/30-day-map-challenge/hydrology-01.html	https://twitter.com/hrbrmstr/status/1199296188136210433	_
hrbrmstr_2019_27	https://rud.is/books/30-day-map-challenge/resources-01.html	https://twitter.com/hrbrmstr/status/1199677785188585473	_
hrbrmstr_2019_28	https://rud.is/books/30-day-map-challenge/funny-01.html	https://twitter.com/hrbrmstr/status/1200047248693960704	_
hrbrmstr_2019_29	https://rud.is/books/30-day-map-challenge/experimental-01.html	https://twitter.com/hrbrmstr/status/1200415846310526976	_
hrbrmstr_2021_01	https://carbon.now.sh/XdrgClxFyl7apG8m8Fjm	https://twitter.com/hrbrmstr/status/1455546142075277319	_
hrbrmstr_2021_02	https://rud.is/b/2021/11/02/30daymapchallenge-2021-day-2-lines/	https://twitter.com/hrbrmstr/status/1455610563522961412	https://rud.is/vis/2021-iceland/
i_nicolis_2021_13	https://github.com/INicolis/30DayMapChallenge/blob/main/Day13/bathymetry.R	https://twitter.com/i_nicolis/status/1459678708600614912	_
Iawmatthew_2021_11	https://github.com/matthew-law/30DayMapChallenge2021/blob/main/3D/Devils%20Tower%20rayvista.R	https://twitter.com/Iawmatthew/status/1458943871518486528	https://github.com/matthew-law/30DayMapChallenge2021/blob/main/3D/exports/DT_movie.mp4
Iawmatthew_2021_12	https://github.com/matthew-law/30DayMapChallenge2021/blob/main/cartogram/cartogram.R	https://twitter.com/Iawmatthew/status/1459201641186484225	_
issa_madjid_2021_01	https://github.com/AbdoulMa/30DayMapChallenge/blob/main/Day1/day1.R	https://twitter.com/issa_madjid/status/1455161995758645250	_
issa_madjid_2021_02	https://github.com/AbdoulMa/30DayMapChallenge/blob/main/Day2/day2.R	https://twitter.com/issa_madjid/status/1455327887716978689	_
issa_madjid_2021_03	https://github.com/AbdoulMa/30DayMapChallenge/blob/main/Day3/day3.R	https://twitter.com/issa_madjid/status/1455658944089702406	_
issa_madjid_2021_04	https://github.com/AbdoulMa/30DayMapChallenge/blob/main/Day4/day4.R	https://twitter.com/issa_madjid/status/1456042250237059081	_
issa_madjid_2021_05	https://github.com/AbdoulMa/30DayMapChallenge/blob/main/Day5/day5.R	https://twitter.com/issa_madjid/status/1456622184189898755	_
IvaBrunec_2021_01	https://github.com/ivabrunec/30daymapchallenge/blob/main/scripts/day1_points.R	https://twitter.com/IvaBrunec/status/1455660710294327301	_
IvaBrunec_2021_02	https://github.com/ivabrunec/30daymapchallenge/blob/main/scripts/day2_lines.R	https://twitter.com/IvaBrunec/status/1455660706288873483	_
IvaBrunec_2021_03	https://github.com/ivabrunec/30daymapchallenge/blob/main/scripts/day3_polygons.R	https://twitter.com/IvaBrunec/status/1456099783429562373	_
IvaBrunec_2021_04	https://github.com/ivabrunec/30daymapchallenge/blob/main/scripts/day4_hexagons.R	https://twitter.com/IvaBrunec/status/1456417216619028485	_
IvaBrunec_2021_06	https://github.com/ivabrunec/30daymapchallenge/blob/main/scripts/day6_red.R	https://twitter.com/IvaBrunec/status/1457165412160901124	https://raw.githubusercontent.com/ivabrunec/30daymapchallenge/main/maps/day6_wildfires.gif
IvaBrunec_2021_07	https://github.com/ivabrunec/30daymapchallenge/blob/main/scripts/day7_green.R	https://twitter.com/IvaBrunec/status/1457376199076982792	https://raw.githubusercontent.com/ivabrunec/30daymapchallenge/main/maps/day7_deforestation_percentage.gif
IvaBrunec_2021_08	https://github.com/ivabrunec/30daymapchallenge/blob/main/scripts/day8_blue.R	https://twitter.com/IvaBrunec/status/1457886014106652685	_
IvaBrunec_2021_09	https://github.com/ivabrunec/30daymapchallenge/blob/main/scripts/day9_monochrome.R	https://twitter.com/IvaBrunec/status/1458240800123404297	_
IvaBrunec_2021_10_1	https://github.com/ivabrunec/30daymapchallenge/blob/main/scripts/day10_raster.R	https://twitter.com/IvaBrunec/status/1458602491701080067	_
IvaBrunec_2021_10_2	https://github.com/ivabrunec/30daymapchallenge/blob/main/scripts/day10_raster.R	_	_
IvaBrunec_2021_11	https://github.com/ivabrunec/30daymapchallenge/blob/main/scripts/day11_3D.R	https://twitter.com/IvaBrunec/status/1458810396786184194	_
izzy_youngs_2021_05	https://github.com/izzyoungs/30DayMapChallenge-Nov2021/blob/main/Maps/R/OSM.R	https://twitter.com/izzy_youngs/status/1456828717267931136	_
izzy_youngs_2021_09	https://github.com/izzyoungs/30DayMapChallenge-Nov2021/blob/main/Maps/R/Red-Green-Blue.R	https://twitter.com/izzy_youngs/status/1457858794382299137	_
kyle_e_walker_2021_01	https://walker-data.com/census-r/mapping-census-data-with-r.html#dot-density-maps	https://twitter.com/kyle_e_walker/status/1455177855692849166	_
kyle_e_walker_2021_02	https://twitter.com/kyle_e_walker/status/1455535171105542144	https://twitter.com/kyle_e_walker/status/1455535171105542144	_
kyle_e_walker_2021_03	https://walker-data.com/census-r/spatial-analysis-with-us-census-data.html#spatial-neighborhoods-and-spatial-weights-matrices	https://twitter.com/kyle_e_walker/status/1455897552759320576	_
kyle_e_walker_2021_04	https://gist.github.com/walkerke/c6331bff465a2abf5c3c25b3dbd45afd	https://twitter.com/kyle_e_walker/status/1456259947348602882	_
kyle_e_walker_2021_05	https://walker-data.com/census-r/spatial-analysis-with-us-census-data.html#calculating-travel-times	https://twitter.com/kyle_e_walker/status/1456622338254860288	_
kyle_e_walker_2021_06	https://walker-data.com/census-r/analyzing-census-microdata.html#mapping-pums-data	https://twitter.com/kyle_e_walker/status/1456984718616907779	_
kyle_e_walker_2021_07	https://walker-data.com/census-r/other-census-and-government-data-resources.html#working-with-nhgis-data-in-r	https://twitter.com/kyle_e_walker/status/1457362203334651909	_
kyle_e_walker_2021_08	https://walker-data.com/census-r/working-with-census-data-outside-the-united-states.html#mexico-combining-mxmaps-and-inegir	https://twitter.com/kyle_e_walker/status/1457724600247361539	_
kyle_e_walker_2021_09_1	https://gist.github.com/walkerke/9eefc69d87b2b8264e73dec41a66b669	https://twitter.com/kyle_e_walker/status/1458086990138814467	_
kyle_e_walker_2021_09_2	https://gist.github.com/walkerke/9eefc69d87b2b8264e73dec41a66b669	https://twitter.com/kyle_e_walker/status/1458086990138814467	_
kyle_e_walker_2021_10	https://gist.github.com/walkerke/c0bdc1a87195ebe803ee0c796cb17021	https://twitter.com/kyle_e_walker/status/1458449372555870208	_
kyle_e_walker_2021_11	https://walker-data.com/census-r/mapping-census-data-with-r.html#mapping-migration-flows	https://twitter.com/kyle_e_walker/status/1458811762216558597	_
leeolney3_2021_01	https://gist.github.com/leeolney3/93c8f718b369f5aa536e83ee5348f65d	https://twitter.com/leeolney3/status/1455105031938641922	_
leeolney3_2021_02	https://gist.github.com/leeolney3/52ddb755676b8099a7585aa172cc6729	https://twitter.com/leeolney3/status/1455408888858226700	_
leeolney3_2021_03	https://gist.github.com/leeolney3/bb286944868e79d0070237e233030642	https://twitter.com/leeolney3/status/1455740537848406023	_
leeolney3_2021_04	https://gist.github.com/leeolney3/f626f0bebac14e046c15374745c82fd5	https://twitter.com/leeolney3/status/1456112030260375552	_
leeolney3_2021_05	https://gist.github.com/leeolney3/95cc3418cc719f1e89911d921b98873d	https://twitter.com/leeolney3/status/1456484664869326848	_
leeolney3_2021_06	https://gist.github.com/leeolney3/33a27ee90d908f3de576035e0b71af8e	https://twitter.com/leeolney3/status/1456854727874990087	_
leeolney3_2021_07	https://gist.github.com/leeolney3/c566db7f759cb715235438fbb6736366	https://twitter.com/leeolney3/status/1457224994816208901	_
leeolney3_2021_08	https://gist.github.com/leeolney3/3ead64a57925d5c29562932a9df6a894	https://twitter.com/leeolney3/status/1457591233229082624	_
loreabad6_2021_01	https://github.com/loreabad6/30DayMapChallenge/blob/main/scripts/day01_points.R	https://twitter.com/loreabad6/status/1455255686380675078	_
loreabad6_2021_02	https://github.com/loreabad6/30DayMapChallenge/blob/main/scripts/day02_lines.R	https://twitter.com/loreabad6/status/1455640350295482370	_
loreabad6_2021_03	https://github.com/loreabad6/30DayMapChallenge/blob/main/scripts/day03_polygons.R	https://twitter.com/loreabad6/status/1455939518268334081	_
loreabad6_2021_04	https://github.com/loreabad6/30DayMapChallenge/blob/main/scripts/day04_hexagons.R	https://twitter.com/loreabad6/status/1456286170879561732	_
loreabad6_2021_05	https://github.com/loreabad6/30DayMapChallenge/blob/main/scripts/day05_osm.R	https://twitter.com/loreabad6/status/1456709747290292231	_
loreabad6_2021_06	https://github.com/loreabad6/30DayMapChallenge/blob/main/scripts/day06_red.R	https://twitter.com/loreabad6/status/1456955289148829697	_
loreabad6_2021_07	https://github.com/loreabad6/30DayMapChallenge/blob/main/scripts/day07_green.R	https://twitter.com/loreabad6/status/1457447126229782536	_
loreabad6_2021_08	https://github.com/loreabad6/30DayMapChallenge/blob/main/scripts/day08_blue.R	https://twitter.com/loreabad6/status/1457744497044033539	_
loreabad6_2021_09	https://github.com/loreabad6/30DayMapChallenge/blob/main/scripts/day09_monochrome.R	https://twitter.com/loreabad6/status/1458120691430068225	_
loreabad6_2021_10	https://github.com/loreabad6/30DayMapChallenge/blob/main/scripts/day10_raster.R	https://twitter.com/loreabad6/status/1458747576455475210	_
loreabad6_2021_11	https://github.com/loreabad6/30DayMapChallenge/blob/main/scripts/day11_3d.R	https://twitter.com/loreabad6/status/1458842262683721732	_
lxndrkp_2020_01	https://github.com/AlexandraKapp/30daymapchallenge/blob/main/R/day1.R	https://twitter.com/lxndrkp/status/1322836184821833728	https://alexandrakapp.github.io/30daymapchallenge/html/day1.html
lxndrkp_2020_02	https://github.com/AlexandraKapp/30daymapchallenge/blob/main/R/day2.R	https://twitter.com/lxndrkp/status/1323166665195048965	https://alexandrakapp.github.io/30daymapchallenge/html/day2.html
lxndrkp_2020_03	https://github.com/AlexandraKapp/30daymapchallenge/blob/main/R/day3.R	https://twitter.com/lxndrkp/status/1323542606685548546	https://alexandrakapp.github.io/30daymapchallenge/html/day3.html
lxndrkp_2020_04	https://github.com/AlexandraKapp/30daymapchallenge/blob/main/R/day4.R	https://twitter.com/lxndrkp/status/1323892285956870145	https://alexandrakapp.github.io/30daymapchallenge/html/day4.html
lxndrkp_2020_06	https://github.com/AlexandraKapp/30daymapchallenge/blob/main/R/day6.R	https://twitter.com/lxndrkp/status/1324623758217367556	https://alexandrakapp.github.io/30daymapchallenge/html/day6.html
lxndrkp_2020_08	https://github.com/AlexandraKapp/30daymapchallenge/blob/main/R/day8.R	https://twitter.com/lxndrkp/status/1325411372629430278	https://alexandrakapp.github.io/30daymapchallenge/html/day8.html
lxndrkp_2020_09	https://github.com/AlexandraKapp/30daymapchallenge/blob/main/R/day9.R	https://twitter.com/lxndrkp/status/1325727846145413122	https://alexandrakapp.github.io/30daymapchallenge/html/day9.html
lxndrkp_2020_10	https://github.com/AlexandraKapp/30daymapchallenge/blob/main/R/day10.R	https://twitter.com/lxndrkp/status/1326103266506182656	https://lxndrkp.shinyapps.io/day10/
lxndrkp_2020_11	https://github.com/AlexandraKapp/30daymapchallenge/blob/main/R/day11.R	https://twitter.com/lxndrkp/status/1326433934507450368	https://alexandrakapp.github.io/30daymapchallenge/html/day11.html
lxndrkp_2020_13	https://github.com/AlexandraKapp/30daymapchallenge/blob/main/R/day13.R	https://twitter.com/lxndrkp/status/1327171642217402368	https://alexandrakapp.github.io/30daymapchallenge/html/day13.html
lxndrkp_2020_14	https://github.com/AlexandraKapp/30daymapchallenge/blob/main/R/day14.R	https://twitter.com/lxndrkp/status/1327555172701245440	https://alexandrakapp.github.io/30daymapchallenge/html/day14.html
lxndrkp_2020_20	https://github.com/AlexandraKapp/30daymapchallenge/blob/main/R/day20.R	https://twitter.com/lxndrkp/status/1329706477536342016	https://lxndrkp.shinyapps.io/day20/
lxndrkp_2020_22	https://github.com/AlexandraKapp/30daymapchallenge/blob/main/R/day22.R	https://twitter.com/lxndrkp/status/1330538849290883072	https://alexandrakapp.github.io/30daymapchallenge/html/day22.html
lxndrkp_2020_30	https://github.com/AlexandraKapp/30daymapchallenge/blob/main/R/day30.R	https://twitter.com/lxndrkp/status/1333494775522193410	https://alexandrakapp.github.io/30daymapchallenge/html/day30.html
mattdray_2021_01	https://www.rostrum.blog/2021/11/04/kanto-locator/	https://twitter.com/mattdray/status/1456400788339712003	_
MikeMahoney218_2021_09	https://gist.github.com/mikemahoney218/10322625b42bd763c30e070a56b8dada	https://twitter.com/MikeMahoney218/status/1458074395482550275	_
MikeMahoney218_2021_10	https://gist.github.com/mikemahoney218/4ae73863861df93722db1229d4c9f17e	https://twitter.com/MikeMahoney218/status/1458435776874627079	_
MikeMahoney218_2021_11	https://gist.github.com/mikemahoney218/8b8ad552c8daed04701fc519d7405bdd	https://twitter.com/MikeMahoney218/status/1458805714294476803	_
NearAndDistant_2021_01	https://github.com/NearAndDistant/data_science_with_r/blob/main/30DayMapChallenge/2021/30DMC_2021.Rmd	https://twitter.com/NearandDistant/status/1456326485673918474	_
NearAndDistant_2021_04	https://github.com/NearAndDistant/data_science_with_r/blob/main/30DayMapChallenge/2021/30DMC_2021.Rmd	https://twitter.com/NearandDistant/status/1456747286562807808	_
NearAndDistant_2021_05	https://github.com/NearAndDistant/data_science_with_r/blob/main/30DayMapChallenge/2021/30DMC_2021.Rmd	https://twitter.com/NearandDistant/status/1456919449550917636	_
NearAndDistant_2021_06	https://github.com/NearAndDistant/data_science_with_r/blob/main/30DayMapChallenge/2021/30DMC_2021.Rmd	https://twitter.com/NearandDistant/status/1457050236451426307	_
NearAndDistant_2021_07	https://github.com/NearAndDistant/data_science_with_r/blob/main/30DayMapChallenge/2021/30DMC_2021.Rmd	https://twitter.com/NearandDistant/status/1457310166890782722	_
neilcfd1_2021_11	https://gist.github.com/norwegianblueparrot/b9d5d48f2d591d78a14320bf17459cc5	https://twitter.com/neilcfd1/status/1458713610117545987	https://twitter.com/neilcfd1/status/1458713610117545987
npalomin_2021_06	https://npalomin.github.io/mini-vignette/cycling-patterns-maps.html	https://twitter.com/npalomin/status/1458580228394020865	_
npalomin_2021_07	https://npalomin.github.io/mini-vignette/cycling-patterns-maps.html	https://twitter.com/npalomin/status/1458185126123393025	_
NRatnaweera_2021_02	https://nils.ratnaweera.net/posts/2021-11-05-warping-switzerland-back-into-shape/	https://twitter.com/NRatnaweera/status/1456409250222194688	_
nrennie35_2021_01	https://github.com/nrennie/30DayMapChallenge/blob/main/2021/scripts/Day_01_Points.R	https://twitter.com/nrennie35/status/1455218989127413771	_
nrennie35_2021_02	https://github.com/nrennie/30DayMapChallenge/blob/main/2021/scripts/Day_02_Lines.R	https://twitter.com/nrennie35/status/1455654662523215881	_
nrennie35_2021_03	https://github.com/nrennie/30DayMapChallenge/blob/main/2021/scripts/Day_03_Polygons.R	https://twitter.com/nrennie35/status/1456321951836815365	_
nrennie35_2021_04	https://github.com/nrennie/30DayMapChallenge/blob/main/2021/scripts/Day_04_Hexagons.R	https://twitter.com/nrennie35/status/1456322709726666758	_
nrennie35_2021_05	https://github.com/nrennie/30DayMapChallenge/blob/main/2021/scripts/Day_05_OpenStreetMap.R	https://twitter.com/nrennie35/status/1456674669118083083	_
nrennie35_2021_06	https://github.com/nrennie/30DayMapChallenge/blob/main/2021/scripts/Day_06_Red.R	https://twitter.com/nrennie35/status/1457425017822666757	_
nrennie35_2021_07	https://github.com/nrennie/30DayMapChallenge/blob/main/2021/scripts/Day_07_Green.R	https://twitter.com/nrennie35/status/1457425605377544203	_
nrennie35_2021_08	https://github.com/nrennie/30DayMapChallenge/blob/main/2021/scripts/Day_08_Blue.R	https://twitter.com/nrennie35/status/1458084886322032651	_
nrennie35_2021_09	https://github.com/nrennie/30DayMapChallenge/blob/main/2021/scripts/Day_09_Monochrome.R	https://twitter.com/nrennie35/status/1458085464901029888	_
nrennie35_2021_10	https://github.com/nrennie/30DayMapChallenge/blob/main/2021/scripts/Day_10_Raster.R	https://twitter.com/nrennie35/status/1458086287001407504	_
richard_vogg_2021_01	https://github.com/richardvogg/30DayMapChallenge21/blob/master/day01_points/day01_points.R	https://twitter.com/richard_vogg/status/1455202996409745413	_
richard_vogg_2021_02	https://github.com/richardvogg/30DayMapChallenge21/blob/master/day02_lines/day02_lines.R	https://twitter.com/richard_vogg/status/1455631327705841669	_
richard_vogg_2021_03	https://github.com/richardvogg/30DayMapChallenge21/blob/master/day03_polygons/day03_polygons.R	https://twitter.com/richard_vogg/status/1455925012431577090	_
richard_vogg_2021_04	https://github.com/richardvogg/30DayMapChallenge21/blob/master/day04_hexagons/day04_hexagons.R	https://twitter.com/richard_vogg/status/1456275692786651145	_
richard_vogg_2021_05	https://github.com/richardvogg/30DayMapChallenge21/blob/master/day05_osm/day05_osm.R	https://twitter.com/richard_vogg/status/1456608372103520260	_
richard_vogg_2021_06	https://github.com/richardvogg/30DayMapChallenge21/blob/master/day06_red/day06_red.R	https://twitter.com/richard_vogg/status/1457317274155683840	_
richard_vogg_2021_07	https://github.com/richardvogg/30DayMapChallenge21/tree/master/day07_green	https://twitter.com/richard_vogg/status/1457368569789009922	_
richard_vogg_2021_08	https://github.com/richardvogg/30DayMapChallenge21/blob/master/day08_blue/day08_blue.R	https://twitter.com/richard_vogg/status/1457649864293167105	https://github.com/richardvogg/30DayMapChallenge21/blob/master/day08_blue/fish_exports.gif
schochastics_2021_01	https://github.com/schochastics/30DayMapChallenge/blob/main/01_points/01_points.R	https://twitter.com/schochastics/status/1455097285361106945	_
schochastics_2021_02	https://github.com/schochastics/30DayMapChallenge/blob/main/02_lines/02_lines.R	https://twitter.com/schochastics/status/1455508236598132737	_
schochastics_2021_03	https://github.com/schochastics/30DayMapChallenge/blob/main/03_polygons/03_polygons.R	https://twitter.com/schochastics/status/1455871882461319168	_
schochastics_2021_04	https://github.com/schochastics/30DayMapChallenge/blob/main/04_hexagons/04_hexagons.R	https://twitter.com/schochastics/status/1456232257140658180	_
schochastics_2021_05	https://github.com/schochastics/30DayMapChallenge/blob/main/05_osm/05_osm.R	https://twitter.com/schochastics/status/1456581362278879236	_
schochastics_2021_06	https://github.com/schochastics/30DayMapChallenge/blob/main/06_red/06_red.R	https://twitter.com/schochastics/status/1456948979694858240	_
schochastics_2021_07	https://github.com/schochastics/30DayMapChallenge/blob/main/07_green/07_green.R	https://twitter.com/schochastics/status/1457302559899619328	_
schochastics_2021_08	https://github.com/schochastics/30DayMapChallenge/blob/main/08_blue/08_blue.R	https://twitter.com/schochastics/status/1457674510618939393	_
schochastics_2021_09	https://github.com/schochastics/30DayMapChallenge/blob/main/09_monochrome/09_monochrome.R	https://twitter.com/schochastics/status/1458023560539148291	_
schochastics_2021_10	https://github.com/schochastics/30DayMapChallenge/blob/main/10_raster/10_raster.R	https://twitter.com/schochastics/status/1458375630358155266	_
schochastics_2021_11	https://github.com/schochastics/30DayMapChallenge/blob/main/11_3D/11_3D.R	https://twitter.com/schochastics/status/1458738018274004996	_
schochastics_2021_12	https://github.com/schochastics/30DayMapChallenge/blob/main/12_population/12_population.R	https://twitter.com/schochastics/status/1459096883020713986	_
schochastics_2021_13	https://github.com/schochastics/30DayMapChallenge/blob/main/13_naturalearth/13_naturalearth.R	https://twitter.com/schochastics/status/1459487283841835009	_
schochastics_2021_16	https://github.com/schochastics/30DayMapChallenge/blob/main/16_urban_rural/16_urban_rural.R	https://twitter.com/schochastics/status/1460572355256672257	_
schochastics_2021_17	https://github.com/schochastics/30DayMapChallenge/blob/main/17_land/17_land.R	https://twitter.com/schochastics/status/1460945564393213957	_
ShandiyaB_2021_01	https://github.com/shandiya/30DayMapChallenge/blob/main/submissions/01_points/01_points.R	https://twitter.com/ShandiyaB/status/1455134287024386053	_
ShandiyaB_2021_02	https://github.com/shandiya/30DayMapChallenge/blob/main/submissions/02_lines/02_lines.R	https://twitter.com/ShandiyaB/status/1455370122453979136	_
ShandiyaB_2021_03	https://github.com/shandiya/30DayMapChallenge/blob/main/submissions/03_polygons/03_polygons.R	https://twitter.com/ShandiyaB/status/1455722047280013312	_
ShandiyaB_2021_04	https://github.com/shandiya/30DayMapChallenge/blob/main/submissions/04_hexagons/04_hexagons.R	https://twitter.com/ShandiyaB/status/1456076001218236416	_
ShandiyaB_2021_05	https://github.com/shandiya/30DayMapChallenge/blob/main/submissions/05_osm/05_osm.R	https://twitter.com/ShandiyaB/status/1456468937651015684	_
ShandiyaB_2021_06	https://github.com/shandiya/30DayMapChallenge/blob/main/submissions/06-08_red-green-blue/06-08_red-green-blue.R	https://twitter.com/ShandiyaB/status/1457974127285837825	_
tanya_shapiro_2021_01	https://github.com/tashapiro/30DayMapChallenge/blob/main/manhattan-adventures/manhattan_adventures_map.R	https://twitter.com/tanya_shapiro/status/1456014224115785731	_
tanya_shapiro_2021_03	https://github.com/tashapiro/30DayMapChallenge/blob/main/va-governor-election/va-governor-election.R	https://twitter.com/tanya_shapiro/status/1455583641703157763	_
tanya_shapiro_2021_04	https://github.com/tashapiro/30DayMapChallenge/blob/main/candy-hex-map/candy-hex-map.R	https://twitter.com/tanya_shapiro/status/1456322488623898626	_
tanya_shapiro_2021_05	https://github.com/tashapiro/30DayMapChallenge/blob/main/basel-openstreetmap/basel_map.R	https://twitter.com/tanya_shapiro/status/1456646821443477510	_
tanya_shapiro_2021_06	https://github.com/tashapiro/30DayMapChallenge/blob/main/red-beef-map/red-beef-map.R	https://twitter.com/tanya_shapiro/status/1457064473974427660	_
tanya_shapiro_2021_08	https://github.com/tashapiro/30DayMapChallenge/blob/main/flag-rgb-map/flag-map.R	https://twitter.com/tanya_shapiro/status/1457828843927085061	_
tanya_shapiro_2021_10	https://github.com/tashapiro/30DayMapChallenge/blob/main/raster-nepal-map/raster-map.R	https://twitter.com/tanya_shapiro/status/1458580662403878915	_
tanya_shapiro_2021_11	https://github.com/tashapiro/30DayMapChallenge/blob/main/3D-washington-map/3D-washington-map.R	https://twitter.com/tanya_shapiro/status/1458929642652459008	_
ThomIvar_2021_05	https://github.com/TIvanDijk/pRojects/blob/main/30DaysMaps/groningen.R	https://twitter.com/ThomIvar/status/1456694261462806534	_
UrbanDemog_2021_01	https://twitter.com/UrbanDemog/status/1455349418182467584	https://twitter.com/UrbanDemog/status/1455349418182467584	_
UrbanDemog_2021_03	https://twitter.com/UrbanDemog/status/1455890583923437572	https://twitter.com/UrbanDemog/status/1455890583923437572	_
UrbanDemog_2021_04	https://www.urbandemographics.org/post/mapping-accessibility-data-access-to-opportunities-project-r/	https://twitter.com/UrbanDemog/status/1456266392907370506	_
UrbanDemog_2021_05	https://www.urbandemographics.org/post/mapping-walking-time-osm-r5r/	https://twitter.com/UrbanDemog/status/1456686030589923330	_
UrbanDemog_2021_20	https://www.urbandemographics.org/post/animating-transport-networks-3d-maps/	https://twitter.com/UrbanDemog/status/1458869531103879174	_
VictimOfMaths_2020_01	https://github.com/VictimOfMaths/30DayMapChallenge/blob/main/Day1_Points.R	https://twitter.com/VictimOfMaths/status/1322853100173037572	_
VictimOfMaths_2020_02	https://github.com/VictimOfMaths/30DayMapChallenge/blob/main/Day2_Lines.R	https://twitter.com/VictimOfMaths/status/1323352364133294085	_
VictimOfMaths_2020_03	https://github.com/VictimOfMaths/30DayMapChallenge/blob/main/Day3_Polygons.R	https://twitter.com/VictimOfMaths/status/1323627698141515776	_
VictimOfMaths_2020_04	https://github.com/VictimOfMaths/30DayMapChallenge/blob/main/Day4_Hexagons.R	https://twitter.com/VictimOfMaths/status/1323926417327988736	_
VictimOfMaths_2020_05	https://github.com/VictimOfMaths/30DayMapChallenge/blob/main/Day5_Blue.R	https://twitter.com/VictimOfMaths/status/1324448795992707072	_
VictimOfMaths_2020_06	https://github.com/VictimOfMaths/30DayMapChallenge/blob/main/Day6_Red.R	https://twitter.com/VictimOfMaths/status/1324644553987600384	_
VictimOfMaths_2020_08	https://github.com/VictimOfMaths/30DayMapChallenge/blob/main/Day8_Yellow.R	_	_
VictimOfMaths_2020_09	https://github.com/VictimOfMaths/30DayMapChallenge/blob/main/Day9_Monochrome.R	https://twitter.com/VictimOfMaths/status/1325791926184980483	_
VictimOfMaths_2020_15	https://github.com/VictimOfMaths/30DayMapChallenge/blob/main/Day15_Connections.R	https://twitter.com/VictimOfMaths/status/1327993846622539776	_
VictimOfMaths_2020_18	https://github.com/VictimOfMaths/30DayMapChallenge/blob/main/Day18_LandUse.R	https://twitter.com/VictimOfMaths/status/1329029115756818432	_
VictimOfMaths_2020_19	https://github.com/VictimOfMaths/30DayMapChallenge/blob/main/Day19_NULL.R	https://twitter.com/VictimOfMaths/status/1329431873009963009	_
VictimOfMaths_2020_22	https://github.com/VictimOfMaths/COVID-19/blob/master/Heatmaps/COVIDLACaseData.R	https://twitter.com/VictimOfMaths/status/1330549481247547393	_
VictimOfMaths_2020_23	https://github.com/VictimOfMaths/30DayMapChallenge/blob/main/Day23_Boundaries.R	https://twitter.com/VictimOfMaths/status/1330846434376216584	_
VictimOfMaths_2020_27	https://github.com/VictimOfMaths/30DayMapChallenge/blob/main/Day27_BigOrSmallData.R	https://twitter.com/VictimOfMaths/status/1332274190477635584	_
VictimOfMaths_2020_29	https://github.com/VictimOfMaths/30DayMapChallenge/blob/main/Day29_Globe.R	https://twitter.com/VictimOfMaths/status/1333071816802394112	_
VictimOfMaths_2020_30	https://github.com/VictimOfMaths/30DayMapChallenge/blob/main/Day30_Map.R	https://twitter.com/VictimOfMaths/status/1333397822494961667	_
VictimOfMaths_2021_01	https://github.com/VictimOfMaths/30DayMapChallenge2021/blob/main/Day1_Points.R	https://twitter.com/VictimOfMaths/status/1455150621439504394	_
VictimOfMaths_2021_02	https://github.com/VictimOfMaths/30DayMapChallenge2021/blob/main/Day2_Lines.R	https://twitter.com/VictimOfMaths/status/1455551082051026944	_
VictimOfMaths_2021_03	https://github.com/VictimOfMaths/30DayMapChallenge2021/blob/main/Day3_Polygons.R	https://twitter.com/VictimOfMaths/status/1455826908382474241	_
VictimOfMaths_2021_04	https://github.com/VictimOfMaths/30DayMapChallenge2021/blob/main/Day4_Hexagons.R	https://twitter.com/VictimOfMaths/status/1456283632469954563	_
VictimOfMaths_2021_05	https://github.com/VictimOfMaths/30DayMapChallenge2021/blob/main/Day5_OSM.R	https://twitter.com/VictimOfMaths/status/1456560937129832450	_
VictimOfMaths_2021_06	https://github.com/VictimOfMaths/30DayMapChallenge2021/blob/main/Day6_Red.R	https://twitter.com/VictimOfMaths/status/1457037145642868749	_
